{
    "model name1": "logistic regression",
    "accuracy_lr": 0.8214285714285714,
    "precision_lr": 0.8253012048192772,
    "recall_lr": 0.8154761904761905,
    "f1_score_lr": 0.8203592814371258,
    "ROC AUC Score_lr": 0.8862670068027211,
    "confusion matrix_lr": [
        [
            139,
            29
        ],
        [
            31,
            137
        ]
    ],
    "model name2": "Random Forest",
    "accuracy_rf": 0.7916666666666666,
    "precision_rf": 0.8141025641025641,
    "recall_rf": 0.7559523809523809,
    "f1_score_rf": 0.7839506172839507,
    "ROC AUC Score_rf": 0.8759920634920636,
    "confusion matrix_rf": [
        [
            139,
            29
        ],
        [
            41,
            127
        ]
    ]
}